feature,importance
pl_orbper,0.6440175960050276
pl_rade,0.3559824039949722
