feature,importance
koi_period,0.32013109917610016
koi_prad,0.2296604942205234
koi_depth,0.228954374126327
koi_duration,0.2212540324770495
