feature,importance
pl_orbper,0.5044046966169782
pl_rade,0.4955953033830219
